Set Name,Set Code
The List,LIST
Commander: Murders at Karlov Manor,MKC
Secret Lair Drop,SLD
Commander: FINAL FANTASY,FIC
Foundations,FDN
Commander: Duskmourn: House of Horror,DSC
Commander: FINAL FANTASY,FIC
Final Fantasy,FIN
FINAL FANTASY,FIN
Secret Lair Drop Series,SLD
The List Reprints,LIST
Commander: Duskmourn,DSC
Modern Horizons 3,MH3
Commander: Modern Horizons 3,M3C
Outlaws of Thunder Junction,OTJ
Commander: Outlaws of Thunder Junction,OTC
Promo Pack,Promo
Marvel's Spider-Man,SPM
Marvel Universe Eternal-Legal,MAR
Commander: Aetherdrift,DRC
Commander: Tarkir: Dragonstorm,TDC
Murders at Karlov Manor Commander,MKC
Commander: Bloomburrow,BLC
Bloomburrow Comander,BLC
Commander: The Lost Caverns of Ixalan,LCC
Ravnica: Clue Edition,CLU
The Lost Caverns of Ixalan,LCI
Murders at Karlov Manor,MKM
Secret Lair Countdown Kit,SLC
